{"version":2,"intensity":0,"info":{"face":"yingwen","maps":[{"width":1024,"height":512}]},"chars":{"32":{"id":32,"letter":" ","x":1,"y":1,"width":64,"height":64,"map":0,"xadvance":8,"xoffset":31.5,"yoffset":31.5,"scale":1,"range":8},"33":{"id":33,"letter":"!","x":67,"y":1,"width":64,"height":64,"map":0,"xadvance":11.136,"xoffset":26.448,"yoffset":19.824,"scale":1,"range":8,"bounds":[1.536,-2.784,9.568,27.136]},"34":{"id":34,"letter":"\"","x":133,"y":1,"width":64,"height":64,"map":0,"xadvance":18.56,"xoffset":22.7770666667,"yoffset":9.472,"scale":1,"range":8,"bounds":[1.33866666667,18.496,17.1072,26.56]},"35":{"id":35,"letter":"#","x":199,"y":1,"width":64,"height":64,"map":0,"xadvance":28.864,"xoffset":17.292,"yoffset":19.84,"scale":1,"range":8,"bounds":[1.512,-2.848,27.904,27.168]},"36":{"id":36,"letter":"$","x":265,"y":1,"width":64,"height":64,"map":0,"xadvance":25.984,"xoffset":19.024,"yoffset":19.84,"scale":1,"range":8,"bounds":[0.864,-2.848,25.088,27.168]},"37":{"id":37,"letter":"%","x":331,"y":1,"width":64,"height":64,"map":0,"xadvance":28.992,"xoffset":17.488,"yoffset":19.808,"scale":1,"range":8,"bounds":[1.408,-2.08,27.616,26.464]},"38":{"id":38,"letter":"&","x":397,"y":1,"width":64,"height":64,"map":0,"xadvance":29.728,"xoffset":16.8457142857,"yoffset":20.08,"scale":1,"range":8,"bounds":[1.472,-2.816,28.8365714286,26.656]},"39":{"id":39,"letter":"'","x":463,"y":1,"width":64,"height":64,"map":0,"xadvance":9.632,"xoffset":27.3216666667,"yoffset":9.44,"scale":1,"range":8,"bounds":[1.01866666667,18.528,8.338,26.592]},"40":{"id":40,"letter":"(","x":529,"y":1,"width":64,"height":64,"map":0,"xadvance":11.008,"xoffset":26.4953333333,"yoffset":19.824,"scale":1,"range":8,"bounds":[1.408,-2.784,9.60133333333,27.136]},"41":{"id":41,"letter":")","x":595,"y":1,"width":64,"height":64,"map":0,"xadvance":11.008,"xoffset":26.512245614,"yoffset":19.824,"scale":1,"range":8,"bounds":[1.40666666667,-2.784,9.56884210526,27.136]},"42":{"id":42,"letter":"*","x":661,"y":1,"width":64,"height":64,"map":0,"xadvance":14.816,"xoffset":24.576,"yoffset":10.8,"scale":1,"range":8,"bounds":[1.008,14.976,13.84,27.424]},"43":{"id":43,"letter":"+","x":727,"y":1,"width":64,"height":64,"map":0,"xadvance":25.824,"xoffset":19.388,"yoffset":20.656,"scale":1,"range":8,"bounds":[0.84,0.352,24.384,22.336]},"44":{"id":44,"letter":",","x":793,"y":1,"width":64,"height":64,"map":0,"xadvance":10.304,"xoffset":26.9850666667,"yoffset":30.912,"scale":1,"range":8,"bounds":[1.05066666667,-2.944,8.9792,5.12]},"45":{"id":45,"letter":"-","x":859,"y":1,"width":64,"height":64,"map":0,"xadvance":27.744,"xoffset":17.9556923077,"yoffset":19.536,"scale":1,"range":8,"bounds":[1.94461538462,10.752,26.144,14.176]},"46":{"id":46,"letter":".","x":925,"y":1,"width":64,"height":64,"map":0,"xadvance":10.304,"xoffset":26.864,"yoffset":31.024,"scale":1,"range":8,"bounds":[1.472,-2.976,8.8,4.928]},"47":{"id":47,"letter":"/","x":1,"y":67,"width":64,"height":64,"map":0,"xadvance":16.256,"xoffset":23.8701666667,"yoffset":19.84,"scale":1,"range":8,"bounds":[0.650666666667,-2.848,15.609,27.168]},"48":{"id":48,"letter":"0","x":67,"y":67,"width":64,"height":64,"map":0,"xadvance":27.296,"xoffset":18.3571428571,"yoffset":19.824,"scale":1,"range":8,"bounds":[1.55771428571,-1.792,25.728,26.144]},"49":{"id":49,"letter":"1","x":133,"y":67,"width":64,"height":64,"map":0,"xadvance":19.648,"xoffset":21.7730909091,"yoffset":19.824,"scale":1,"range":8,"bounds":[1.54181818182,-1.856,18.912,26.208]},"50":{"id":50,"letter":"2","x":199,"y":67,"width":64,"height":64,"map":0,"xadvance":26.912,"xoffset":18.2116923077,"yoffset":19.904,"scale":1,"range":8,"bounds":[1.75261538462,-1.888,25.824,26.08]},"51":{"id":51,"letter":"3","x":265,"y":67,"width":64,"height":64,"map":0,"xadvance":26.4,"xoffset":18.8450909091,"yoffset":19.904,"scale":1,"range":8,"bounds":[1.44581818182,-1.824,24.864,26.016]},"52":{"id":52,"letter":"4","x":331,"y":67,"width":64,"height":64,"map":0,"xadvance":26.336,"xoffset":18.992,"yoffset":19.808,"scale":1,"range":8,"bounds":[0.832,-1.824,25.184,26.208]},"53":{"id":53,"letter":"5","x":397,"y":67,"width":64,"height":64,"map":0,"xadvance":25.664,"xoffset":18.9936,"yoffset":19.6,"scale":1,"range":8,"bounds":[1.2448,-1.888,24.768,26.688]},"54":{"id":54,"letter":"6","x":463,"y":67,"width":64,"height":64,"map":0,"xadvance":25.632,"xoffset":19.008,"yoffset":19.872,"scale":1,"range":8,"bounds":[1.568,-1.888,24.416,26.144]},"55":{"id":55,"letter":"7","x":529,"y":67,"width":64,"height":64,"map":0,"xadvance":25.952,"xoffset":18.9591208791,"yoffset":19.808,"scale":1,"range":8,"bounds":[1.04861538462,-1.824,25.0331428571,26.208]},"56":{"id":56,"letter":"8","x":595,"y":67,"width":64,"height":64,"map":0,"xadvance":26.304,"xoffset":18.848,"yoffset":19.84,"scale":1,"range":8,"bounds":[1.568,-1.824,24.736,26.144]},"57":{"id":57,"letter":"9","x":661,"y":67,"width":64,"height":64,"map":0,"xadvance":26.272,"xoffset":19.024,"yoffset":19.872,"scale":1,"range":8,"bounds":[1.248,-1.856,24.704,26.112]},"58":{"id":58,"letter":":","x":727,"y":67,"width":64,"height":64,"map":0,"xadvance":10.528,"xoffset":26.736,"yoffset":21.92,"scale":1,"range":8,"bounds":[1.536,-0.48,8.992,20.64]},"59":{"id":59,"letter":";","x":793,"y":67,"width":64,"height":64,"map":0,"xadvance":10.784,"xoffset":26.7066666667,"yoffset":22.032,"scale":1,"range":8,"bounds":[1.17866666667,-0.672,9.408,20.608]},"60":{"id":60,"letter":"<","x":859,"y":67,"width":64,"height":64,"map":0,"xadvance":13.856,"xoffset":25.5010909091,"yoffset":19.856,"scale":1,"range":8,"bounds":[0.688,1.664,12.3098181818,22.624]},"61":{"id":61,"letter":"=","x":925,"y":67,"width":64,"height":64,"map":0,"xadvance":27.488,"xoffset":17.9556923077,"yoffset":20.032,"scale":1,"range":8,"bounds":[1.94461538462,5.376,26.144,18.56]},"62":{"id":62,"letter":">","x":1,"y":133,"width":64,"height":64,"map":0,"xadvance":13.856,"xoffset":24.6429090909,"yoffset":19.856,"scale":1,"range":8,"bounds":[1.54618181818,1.664,13.168,22.624]},"63":{"id":63,"letter":"?","x":67,"y":133,"width":64,"height":64,"map":0,"xadvance":25.536,"xoffset":19.232,"yoffset":19.984,"scale":1,"range":8,"bounds":[0.768,-2.72,24.768,26.752]},"64":{"id":64,"letter":"@","x":133,"y":133,"width":64,"height":64,"map":0,"xadvance":31.584,"xoffset":16.128,"yoffset":19.92,"scale":1,"range":8,"bounds":[1.568,-2.24,30.176,26.4]},"65":{"id":65,"letter":"A","x":199,"y":133,"width":64,"height":64,"map":0,"xadvance":30.656,"xoffset":16.688,"yoffset":19.84,"scale":1,"range":8,"bounds":[0.922666666667,-1.92,29.7013333333,26.24]},"66":{"id":66,"letter":"B","x":265,"y":133,"width":64,"height":64,"map":0,"xadvance":28.96,"xoffset":17.52,"yoffset":19.84,"scale":1,"range":8,"bounds":[1.6,-1.76,27.36,26.08]},"67":{"id":67,"letter":"C","x":331,"y":133,"width":64,"height":64,"map":0,"xadvance":27.68,"xoffset":17.648,"yoffset":19.904,"scale":1,"range":8,"bounds":[1.6,-1.92,27.104,26.112]},"68":{"id":68,"letter":"D","x":397,"y":133,"width":64,"height":64,"map":0,"xadvance":29.12,"xoffset":17.44,"yoffset":19.856,"scale":1,"range":8,"bounds":[1.6,-1.92,27.52,26.208]},"69":{"id":69,"letter":"E","x":463,"y":133,"width":64,"height":64,"map":0,"xadvance":28.16,"xoffset":17.44,"yoffset":19.84,"scale":1,"range":8,"bounds":[1.632,-1.824,27.488,26.144]},"70":{"id":70,"letter":"F","x":529,"y":133,"width":64,"height":64,"map":0,"xadvance":27.872,"xoffset":17.296,"yoffset":19.856,"scale":1,"range":8,"bounds":[1.632,-1.856,27.776,26.144]},"71":{"id":71,"letter":"G","x":595,"y":133,"width":64,"height":64,"map":0,"xadvance":28.896,"xoffset":17.344,"yoffset":19.92,"scale":1,"range":8,"bounds":[1.632,-1.952,27.68,26.112]},"72":{"id":72,"letter":"H","x":661,"y":133,"width":64,"height":64,"map":0,"xadvance":29.376,"xoffset":17.312,"yoffset":19.84,"scale":1,"range":8,"bounds":[1.664,-1.824,27.712,26.144]},"73":{"id":73,"letter":"I","x":727,"y":133,"width":64,"height":64,"map":0,"xadvance":16,"xoffset":23.6996923077,"yoffset":19.744,"scale":1,"range":8,"bounds":[1.72061538462,-1.856,14.88,26.368]},